sample_index,fluid_type,5720000.00,7354285.71,8988571.43,10622857.14,12257142.86,13891428.57,15525714.29,17160000.00,18794285.71,20428571.43,22062857.14,23697142.86,25331428.57,26965714.29,28600000.00
0,GEL,624140.125,624680.375,625219.5,610071.3125,607040.9375,608144.9375,614823.9375,627123.1875,646027.0625,662118.0,673293.8125,682517.125,690243.5,696428.3125,702981.8125
0,SLKW,598159.25,599191.4375,588626.75,573763.3125,567962.4375,571481.75,583371.8125,602881.0,627230.0625,649535.6875,667320.6875,679843.1875,689716.625,697217.8125,704123.875
0,XLINK,614480.75,627784.75,636502.9375,634763.125,625190.5625,628059.875,634626.8125,648868.0625,667336.8125,683898.9375,695674.625,704833.125,711228.625,717549.9375,722606.1875
1,GEL,326464.59375,375467.625,415718.6875,441822.25,461138.125,476555.25,487055.53125,498491.25,510101.0,529115.6875,548153.125,567797.5,585004.75,597983.125,608666.0
1,SLKW,338912.875,376079.125,407556.5,427179.21875,440899.125,444698.8125,454198.53125,467024.1875,482780.4375,500199.1875,519650.25,539531.6875,560079.5,576927.3125,590471.0625
1,XLINK,319787.15625,361342.25,401223.25,439191.3125,469459.625,483885.4375,493067.375,508768.8125,524550.125,542170.625,563152.5,588066.375,608511.3125,622052.1875,634105.4375
2,GEL,105843.1484375,125076.1796875,142133.90625,156694.4375,166766.3125,173933.53125,178524.921875,181293.21875,177719.484375,168731.65625,159438.53125,149069.453125,140503.3125,134310.625,131797.53125
2,SLKW,133833.359375,150425.109375,164365.375,173910.96875,179963.8125,183046.828125,182513.828125,173125.9375,158042.0,146097.078125,137753.140625,130586.2890625,127059.3828125,126658.984375,128855.671875
2,XLINK,102853.0234375,123127.796875,140328.40625,155081.5,166315.59375,175925.0625,181849.15625,184615.578125,178233.546875,170763.09375,162861.015625,156419.9375,153962.25,152177.671875,154790.40625
3,GEL,271664.09375,294467.15625,315209.9375,332390.65625,344900.65625,350560.40625,339203.0,321390.3125,307187.28125,298764.75,299924.1875,309686.0625,321550.71875,336216.40625,353847.78125
3,SLKW,343783.46875,365820.75,381786.15625,389201.25,389690.3125,378718.78125,348021.90625,317435.46875,298803.1875,289704.4375,284965.125,284545.46875,289076.875,298119.96875,312142.6875
3,XLINK,284515.9375,313039.5,340375.9375,368680.5625,389964.40625,394921.9375,383353.75,369378.375,357914.28125,352821.15625,354182.125,362822.6875,377292.9375,392130.90625,407038.125
4,GEL,449794.875,481310.40625,515112.3125,531548.25,540380.125,541258.625,540542.9375,538004.9375,534501.6875,534349.75,538174.875,542842.8125,546372.625,549944.625,553447.75
4,SLKW,478907.6875,499961.6875,516371.375,530531.1875,531611.4375,533073.8125,531747.25,528214.6875,526600.0,529224.3125,534259.6875,540448.1875,545622.25,549289.125,551762.0625
4,XLINK,468268.5625,510688.5625,537410.4375,554671.625,562429.4375,556662.8125,554179.75,552460.375,548143.1875,545850.1875,550261.125,558132.0625,565063.5625,569463.4375,572910.625
5,GEL,197922.875,215430.609375,233816.0625,250801.796875,259304.03125,251233.9375,234346.8125,216376.4375,200502.640625,195835.453125,196997.8125,199798.8125,210394.140625,224982.46875,241115.875
5,SLKW,182039.359375,202801.328125,214171.25,220850.421875,203582.09375,186683.875,166281.046875,147412.46875,132660.8125,132312.5,136174.71875,143425.40625,153276.96875,166983.8125,185185.828125
5,XLINK,95911.859375,113725.546875,133868.015625,148376.625,151442.03125,149292.46875,137372.46875,125129.390625,120678.1015625,119823.0,121608.0859375,135097.0,157035.09375,182004.28125,208619.0
6,GEL,224165.75,248499.5625,268454.84375,279259.40625,285311.75,287359.6875,291801.5625,307324.59375,332322.21875,357067.8125,384856.59375,412641.6875,438618.4375,463696.09375,489391.125
6,SLKW,150067.90625,159471.34375,168542.3125,171471.984375,171195.28125,174304.109375,181863.78125,199094.28125,223609.46875,250276.15625,282812.125,315014.71875,346961.0625,377404.5,408664.5
6,XLINK,107478.46875,108874.9375,115600.21875,125936.359375,131323.5,142338.125,159261.875,180892.4375,204032.5625,233497.296875,268288.0,306135.1875,347408.90625,389033.6875,427499.0625
7,GEL,389102.6875,373498.28125,357807.6875,354346.90625,357191.21875,371264.1875,392229.71875,421264.625,454402.875,491347.9375,528738.8125,568307.875,608184.9375,644617.5,677114.8125
7,SLKW,309312.09375,286298.34375,269532.125,259948.65625,258684.546875,269585.75,285614.46875,312774.0,345476.25,387384.34375,431388.125,475144.5625,518666.125,561982.1875,603955.0
7,XLINK,347381.71875,335800.78125,338325.0,343774.5,352899.0625,364077.8125,378187.125,405402.9375,438616.8125,476947.9375,521854.4375,567602.4375,611895.3125,655568.75,693788.6875
8,GEL,169014.1875,196205.71875,230433.03125,270639.1875,298151.40625,303665.0625,312741.25,324267.9375,333960.375,344967.125,357877.3125,376616.6875,399559.65625,424558.03125,448169.625
8,SLKW,157121.65625,162983.6875,189331.984375,222613.46875,239471.4375,251735.546875,265484.96875,281876.125,296897.9375,310800.21875,329685.6875,348736.625,369532.375,395449.125,421336.34375
8,XLINK,129284.4296875,148126.96875,172359.5625,200281.1875,220012.390625,237700.890625,254630.40625,274087.1875,299092.5625,328583.0,362724.5625,397854.15625,429715.8125,459536.34375,487457.1875
9,GEL,321389.125,331105.6875,339399.5625,350245.0625,368449.25,386693.03125,405935.3125,431334.78125,464609.3125,505296.5625,544544.4375,583494.5,617989.8125,652915.0,682304.0625
9,SLKW,230901.375,231821.90625,225761.59375,231263.796875,245606.46875,264449.28125,285929.125,310822.75,345779.0625,386287.625,426701.1875,467968.75,509426.5,544892.375,577349.4375
9,XLINK,199909.484375,200768.21875,198155.15625,194883.5625,207550.296875,225347.15625,246390.125,283862.125,333303.6875,385656.3125,445115.625,500214.3125,550933.3125,596279.6875,636902.8125
10,GEL,211783.203125,239522.125,268571.25,284926.0625,293498.21875,289202.75,287459.75,297224.15625,316815.0,336174.84375,357549.25,379801.0625,401377.3125,422029.5,441789.3125
10,SLKW,271681.21875,297105.8125,318539.5,333435.46875,334301.09375,326487.15625,315748.09375,312767.0625,316887.28125,330774.53125,348339.84375,369746.125,390326.4375,410368.875,429364.0
10,XLINK,207091.65625,242178.1875,280238.125,310132.875,320811.5,315907.1875,311192.0,319975.96875,340088.75,365823.4375,392132.75,417086.4375,441255.5,463820.1875,484816.125
11,GEL,225320.203125,236878.890625,248502.1875,257695.734375,265762.84375,272490.125,275724.8125,271733.375,261334.46875,255616.203125,249699.640625,243823.109375,240410.765625,239624.78125,242381.765625
11,SLKW,251953.34375,261709.125,270613.40625,278090.28125,281422.8125,281211.0625,274280.40625,263088.15625,252410.5,242239.984375,233145.140625,229072.734375,225202.9375,224199.671875,224284.078125
11,XLINK,193675.609375,200172.125,205963.484375,209339.4375,211378.203125,216053.796875,219457.5,215522.0625,214410.53125,214325.296875,213465.859375,212870.328125,210507.375,213595.484375,224446.546875
12,GEL,149841.96875,184847.328125,217537.09375,248541.46875,274684.5,305626.625,320697.84375,326504.625,338974.5625,351210.34375,364521.5,380705.1875,397106.0,414399.75,432612.0625
12,SLKW,197436.640625,226442.890625,256611.078125,283490.9375,307516.3125,330709.4375,337759.875,337520.65625,342243.03125,350842.53125,357638.75,367831.3125,379369.625,393277.6875,411324.65625
12,XLINK,155937.03125,196552.09375,235606.5625,276845.03125,312553.5,342372.75,355427.125,357295.5,362548.9375,375809.21875,393461.21875,413193.1875,433993.96875,453851.3125,472689.90625
13,GEL,361084.75,410459.1875,457052.40625,499599.875,523454.0625,534355.875,537343.6875,540218.75,547785.75,565544.125,584853.125,603384.0,619480.3125,633817.4375,646708.75
13,SLKW,368588.8125,404324.5625,438313.5625,466386.5625,477004.5625,479129.03125,481822.96875,486942.25,498037.0,516952.3125,538252.375,560063.25,580544.625,599426.0,617612.1875
13,XLINK,397068.1875,451869.0,500495.9375,541648.375,560839.25,570723.8125,577760.25,581917.375,588557.25,603886.625,623678.5625,641424.0,656543.125,672001.25,685650.0
14,GEL,212443.640625,227008.609375,242259.84375,257394.515625,266833.96875,281909.03125,293742.6875,295069.03125,290865.6875,301841.25,315092.90625,332396.125,349616.4375,367420.8125,386916.75
14,SLKW,239862.03125,257062.515625,272680.5,286869.5625,299496.0,305200.21875,300447.1875,291434.25,281087.3125,282268.78125,289044.65625,300051.4375,319261.875,341871.625,367394.1875
14,XLINK,182747.109375,196005.8125,208750.78125,218383.3125,233911.6875,252534.640625,270198.6875,281082.4375,290532.0625,301681.6875,314665.6875,339506.21875,366322.875,391854.3125,415623.5
15,GEL,212223.9375,222787.171875,232668.40625,240371.453125,245292.0625,237246.8125,227155.09375,217143.4375,202143.921875,190470.796875,185765.765625,183147.90625,182462.828125,182821.4375,186210.5625
15,SLKW,151416.453125,149520.046875,152477.96875,152472.578125,145432.875,138833.4375,129892.7734375,121084.9453125,112552.90625,110615.546875,114092.546875,118299.5859375,120829.34375,123242.390625,127121.0390625
15,XLINK,103062.15625,102107.703125,105689.4296875,113264.09375,115683.765625,109295.859375,103294.6015625,96873.265625,98043.4765625,100794.484375,101778.6484375,102485.265625,109119.703125,117640.53125,129507.6640625
16,GEL,140970.03125,150919.28125,161667.8125,173655.46875,185660.859375,207834.046875,221753.5625,223135.96875,228674.921875,241418.015625,253818.75,267457.1875,284490.40625,305976.09375,327841.6875
16,SLKW,153868.53125,168427.65625,180230.953125,194126.59375,196276.28125,194671.234375,197724.59375,196242.796875,200539.75,212879.125,228107.40625,244473.984375,261840.6875,283006.34375,306915.875
16,XLINK,87710.390625,97992.75,107684.03125,124280.8828125,147027.140625,172509.328125,183178.765625,190136.3125,201780.765625,217804.203125,241183.671875,271086.4375,301095.0,329474.03125,357101.46875
17,GEL,192906.234375,210492.03125,229391.703125,245450.109375,248785.234375,233039.75,210598.703125,194327.21875,187973.21875,188113.46875,188914.21875,192777.25,207288.15625,225704.609375,247354.84375
17,SLKW,168335.71875,184129.109375,197107.6875,200143.015625,186499.0,169728.65625,147208.890625,131885.421875,126308.6875,131344.40625,138255.59375,146577.34375,158774.15625,176553.375,198482.8125
17,XLINK,88550.046875,103743.4453125,117915.3984375,128768.9609375,130150.171875,123140.9453125,113868.7109375,109758.8359375,108728.9921875,110802.59375,119113.21875,141402.6875,169970.34375,199837.703125,230861.046875
18,GEL,356390.78125,393426.875,418400.3125,435299.25,450633.1875,457270.1875,451980.03125,449477.4375,451315.3125,453786.0,466255.0625,485871.5,508124.875,530470.125,551599.6875
18,SLKW,367856.5,396700.0,413099.125,414694.3125,422604.5,411013.59375,403164.375,400011.5625,400630.71875,407113.90625,424159.34375,445714.0,465785.5,486640.8125,510319.9375
18,XLINK,384621.5,434608.6875,480011.75,510503.1875,529060.9375,526054.25,520635.0625,519975.5,520125.1875,525195.1875,534512.6875,548366.5625,567586.4375,588488.375,609150.8125
19,GEL,289497.78125,336319.5625,379482.75,408135.46875,427173.15625,437935.9375,445935.3125,462252.3125,481210.125,505466.0625,531142.125,552118.75,571490.75,589048.0,605931.75
19,SLKW,294803.8125,331399.375,364984.4375,387990.8125,407258.03125,406354.0,414163.25,429975.4375,448460.375,469164.125,493979.125,517103.8125,538553.4375,559230.6875,578132.5625
19,XLINK,278068.59375,325996.09375,372461.5625,405717.75,436049.125,455698.4375,467459.6875,484041.40625,508793.9375,533377.375,558812.25,582217.8125,602633.1875,622057.375,640025.0
20,GEL,425727.84375,423466.6875,415438.25,404251.125,396646.8125,394934.4375,399963.6875,414412.0,441175.875,472164.3125,505667.25,540323.5625,574400.125,614527.6875,653561.0625
20,SLKW,340831.40625,321360.65625,300990.9375,282394.78125,274296.0625,273997.125,277779.40625,292410.4375,318515.125,349503.90625,383546.3125,419793.75,457546.875,496886.75,538986.5
20,XLINK,352471.625,338613.09375,319502.6875,299377.6875,292764.59375,292182.34375,302712.40625,326212.3125,356781.40625,390434.96875,427256.125,474851.125,525495.3125,574798.0625,620429.5625
21,GEL,330470.9375,343299.9375,345674.375,349487.3125,356153.09375,357721.375,359954.5625,369280.09375,378700.15625,389461.96875,405086.8125,420858.625,436827.0,453217.6875,469831.59375
21,SLKW,360546.625,376753.625,374783.71875,358001.6875,351407.9375,344851.53125,344132.75,349827.71875,366030.125,383248.3125,402878.0,420584.65625,436680.28125,451595.8125,467296.34375
21,XLINK,356540.34375,388565.75,415114.125,410576.53125,403902.90625,396768.5,395833.59375,398942.96875,408721.65625,424557.78125,439718.59375,457450.96875,477108.5625,495808.3125,512491.125
22,GEL,223475.15625,243906.09375,263011.1875,279210.96875,291229.90625,291201.125,286461.71875,285906.375,287463.9375,290417.375,292048.625,298109.59375,309932.5625,325665.25,343302.4375
22,SLKW,241747.0,260322.546875,276643.53125,289054.3125,282333.8125,266468.34375,248823.40625,230473.34375,216858.625,215636.421875,217602.03125,222733.328125,235292.984375,253533.875,272986.90625
22,XLINK,149277.671875,158969.59375,170763.421875,181807.375,187980.03125,186653.390625,189674.34375,190333.859375,193516.3125,199515.40625,210854.96875,231581.203125,253865.984375,277672.59375,303492.90625
23,GEL,343781.8125,361572.96875,365695.0625,369322.1875,368880.625,349882.75,338272.375,329304.625,323097.40625,325483.1875,332579.125,343711.53125,359146.75,379111.0625,398338.5625
23,SLKW,375272.8125,378970.375,373291.8125,368320.9375,352671.03125,330233.03125,316718.5625,308985.15625,305918.75,307397.5625,310091.5,314865.03125,323928.09375,341966.34375,360401.375
23,XLINK,369301.9375,397792.0625,416361.625,425605.375,425960.1875,414212.0625,404946.5,398012.5,394911.5625,393989.8125,397165.6875,409389.0625,423517.625,439086.75,458259.3125
24,GEL,329677.65625,363002.6875,389066.5,412992.3125,434589.09375,449695.1875,460456.65625,473124.625,482207.8125,495823.0,515362.625,538353.5625,561949.5625,585474.5625,609294.125
24,SLKW,311098.4375,339852.625,359309.6875,381928.6875,402797.9375,405833.0,412031.53125,422401.5,433941.1875,448136.375,464680.5,486425.84375,509907.625,534686.5,561707.5
24,XLINK,284129.09375,322267.0625,357105.28125,386731.1875,413153.3125,430500.90625,443151.4375,461622.3125,486755.3125,511449.5625,535582.8125,560059.6875,584497.625,610582.3125,635677.125
25,GEL,562297.625,588117.0,617695.625,642824.625,673557.25,702324.5625,725321.75,745438.5625,775452.0,803013.3125,828996.1875,853118.8125,870908.75,885597.1875,895260.9375
25,SLKW,495544.625,517731.9375,542228.875,562667.5625,586359.1875,616131.5625,643051.5625,667143.75,697397.4375,734332.6875,763332.1875,788577.125,808322.6875,823420.5625,834605.5625
25,XLINK,506395.4375,529788.875,559141.3125,592960.6875,629532.0625,665930.0,699705.3125,733511.6875,765613.0,800027.4375,821959.3125,839067.1875,857848.8125,871862.4375,882268.75
26,GEL,212301.890625,228927.390625,243200.765625,257881.78125,272024.28125,281820.625,282443.3125,278481.125,273057.78125,268867.15625,266914.125,267960.625,271103.46875,277461.59375,287863.3125
26,SLKW,236159.078125,248588.609375,254870.296875,255764.484375,253930.0,246269.71875,232621.96875,218322.609375,208506.15625,207053.640625,210549.328125,217798.09375,226843.8125,238567.296875,251946.46875
26,XLINK,131783.46875,136850.21875,143143.25,154276.46875,165634.796875,184799.59375,188107.09375,189176.796875,187827.15625,186181.15625,189251.90625,201824.765625,222907.828125,247500.203125,273460.625
27,GEL,156423.40625,171312.4375,182992.046875,202422.875,227213.421875,250958.203125,268059.9375,287685.75,308589.71875,331054.125,354192.8125,377602.125,397784.375,418065.3125,439909.4375
27,SLKW,99487.96875,115745.2109375,133737.75,153695.09375,176029.25,198027.78125,213196.484375,232833.421875,255882.828125,279689.59375,303263.4375,325734.1875,348415.125,369983.03125,391727.25
27,XLINK,84614.921875,106393.078125,126437.1484375,146566.875,168269.5625,191364.59375,207413.171875,223436.640625,245147.171875,276055.8125,309371.96875,342331.96875,371952.53125,402613.0,434565.375
28,GEL,304435.9375,310746.28125,313313.0,305913.375,299902.75,291744.09375,290557.03125,296373.125,304359.21875,318419.0,342051.78125,364634.53125,385230.4375,403263.75,417780.125
28,SLKW,317910.59375,319898.875,311313.6875,301939.125,281523.1875,260794.96875,256173.59375,259496.015625,267509.21875,280148.1875,305105.0,328809.5625,350937.28125,372902.0625,392134.4375
28,XLINK,355502.8125,369968.75,377693.375,386719.40625,377148.8125,360988.59375,352969.875,354364.96875,361928.15625,374362.03125,387962.9375,410372.90625,431067.125,450291.0625,465537.75
29,GEL,161849.875,172940.8125,184089.328125,191376.453125,197947.21875,210520.125,223193.703125,227441.265625,221505.0,218600.53125,227608.546875,237917.765625,251290.984375,267346.75,288326.09375
29,SLKW,180418.78125,186571.546875,192162.84375,192081.25,189070.59375,188698.25,180502.0,177855.234375,175641.3125,178243.421875,191462.421875,207718.03125,223352.234375,240280.84375,261961.46875
29,XLINK,88948.828125,93234.453125,98588.921875,103078.3359375,118488.265625,140611.484375,151224.90625,163629.6875,170574.9375,178491.4375,194637.375,216845.421875,244351.046875,270987.71875,299153.375
30,GEL,372888.5,384155.875,387598.3125,385978.9375,393686.0,395346.40625,396477.4375,404124.25,413154.25,419541.65625,426824.5625,435226.25,445260.125,456084.625,467036.375
30,SLKW,404627.3125,415242.5625,406187.25,397112.5625,385101.9375,375153.625,373793.46875,385950.9375,403902.96875,416929.125,425593.34375,433240.8125,442352.875,453584.21875,464353.75
30,XLINK,409531.3125,437769.6875,447719.0625,443849.875,439543.0,433056.375,431333.625,434366.53125,441126.78125,444968.5,450388.3125,461314.90625,474402.9375,485968.84375,497088.4375
31,GEL,276555.5625,319487.84375,355916.15625,386471.53125,402563.71875,420582.125,432854.25,444504.25,461485.8125,483162.8125,511737.125,540529.6875,565298.8125,588376.4375,611573.5625
31,SLKW,272634.59375,307330.21875,333401.8125,352198.75,366547.0,382874.1875,391466.21875,407683.65625,424829.375,443059.0,466535.9375,494130.5625,522237.5,547915.5625,573317.0
31,XLINK,290587.90625,336225.8125,374127.0,401523.1875,424917.65625,447973.75,455985.5,465402.625,487725.25,516764.5,543334.5625,568752.75,595289.375,619963.3125,644649.75
32,GEL,339990.25,355555.75,359647.09375,366468.8125,369882.125,373355.6875,378098.875,390544.6875,402421.0625,414636.75,429319.75,447495.375,465942.1875,484038.0,500877.75
32,SLKW,363200.875,378380.46875,378246.59375,366989.78125,361851.125,356527.28125,351847.71875,363598.78125,377178.71875,398913.34375,417035.125,434488.375,452029.875,468575.28125,483316.4375
32,XLINK,372754.375,402870.5,424535.75,424492.1875,426255.5625,429417.25,430667.96875,431525.625,445162.03125,461210.0,477536.4375,494000.0625,511469.0625,529349.3125,546133.75
33,GEL,423391.3125,473077.96875,514477.1875,539394.25,542080.875,543735.1875,547102.6875,548875.6875,553868.3125,564735.625,581657.25,603228.375,622992.1875,641080.375,658452.5625
33,SLKW,397291.21875,433351.375,465443.3125,482679.9375,490981.15625,500595.0,506028.3125,512850.125,521334.9375,537829.1875,554018.0625,572815.3125,592283.125,611555.3125,630094.0625
33,XLINK,467415.3125,521532.1875,570643.9375,603498.375,612963.625,612898.875,608727.8125,607006.625,611933.3125,621295.8125,639432.3125,657193.375,674956.25,694026.0625,711363.4375
34,GEL,220695.84375,241244.4375,253141.609375,263182.21875,266498.25,255577.5625,239770.046875,238079.53125,243949.328125,255385.671875,271969.15625,291255.71875,312981.25,337563.28125,361567.4375
34,SLKW,204106.03125,221974.953125,236626.96875,245144.03125,229404.59375,211622.015625,196249.546875,194648.28125,201417.671875,210842.609375,226153.46875,243918.125,262863.28125,286626.15625,311377.5
34,XLINK,121215.8671875,128061.1640625,136985.03125,145344.078125,142630.828125,134994.53125,139624.171875,145832.3125,158459.625,186308.171875,226698.203125,265725.09375,303155.4375,339298.1875,373753.46875
35,GEL,441728.75,460840.0,470650.4375,472440.625,462297.6875,454858.71875,455751.5,456188.8125,453226.96875,460838.6875,462975.09375,464535.875,466769.875,470156.28125,474806.0
35,SLKW,467817.46875,479501.625,479256.4375,469190.40625,458965.09375,442835.25,438234.71875,443352.25,449358.1875,456842.53125,461741.875,464836.75,466788.125,471128.25,474450.875
35,XLINK,478989.875,513225.8125,527688.4375,523491.875,511234.375,497285.5,484272.5,476845.90625,476143.5625,476526.375,480367.78125,480948.625,483774.4375,488217.96875,493969.4375
36,GEL,112320.8984375,118903.5625,132777.703125,150610.53125,166071.96875,184830.328125,197254.953125,205241.0,210289.40625,213810.46875,222346.5,231017.15625,238436.75,245445.25,254611.71875
36,SLKW,50549.3125,57512.953125,67530.84375,84435.703125,105329.5234375,124741.859375,134814.78125,143531.65625,152621.96875,162557.4375,174711.25,186761.3125,197568.34375,207071.90625,216661.265625
36,XLINK,22590.234375,32405.78125,47911.234375,69434.28125,96043.46875,122870.2890625,136614.0,151059.53125,163043.125,175476.1875,188259.21875,200019.921875,212418.0,224269.0,237947.03125
37,GEL,229977.4375,251238.015625,269669.90625,282490.75,293996.9375,302952.78125,325391.3125,353227.15625,381274.5625,414378.625,444855.9375,475293.3125,505440.25,533438.125,559135.625
37,SLKW,138017.078125,149478.34375,162751.40625,175622.59375,182903.75,201738.796875,224219.03125,251332.265625,280212.96875,315427.5,351260.6875,387408.1875,422674.125,454920.0625,483067.53125
37,XLINK,99865.59375,112734.8359375,130808.3828125,153551.375,173006.46875,192563.140625,215231.984375,243665.1875,281106.21875,319944.9375,358702.6875,396817.875,433942.59375,473366.875,511755.75
38,GEL,343137.8125,373146.5625,407541.375,436390.5625,451098.59375,457034.9375,474405.4375,491853.4375,512679.6875,536063.4375,561780.5,587855.625,613062.4375,637444.3125,661316.1875
38,SLKW,295518.875,327562.28125,366310.25,389088.65625,395046.28125,397869.625,410225.5,428254.125,453455.4375,482267.875,509992.3125,537416.8125,565483.125,594130.9375,622257.4375
38,XLINK,277505.34375,322738.53125,373396.0625,412076.5625,436642.625,460266.9375,483933.5625,506366.0,533719.8125,561747.75,587554.375,615320.875,644280.0,670304.125,694192.5625
39,GEL,231997.109375,259103.015625,290531.0,314334.5625,329231.5,328572.125,318544.40625,319377.0,325995.21875,335096.09375,347079.21875,365402.0625,388159.90625,413228.625,437959.875
39,SLKW,209895.640625,227789.234375,237637.109375,242213.5,243380.125,233851.953125,226949.515625,234322.640625,247693.015625,262364.75,278740.53125,296825.75,319498.75,343917.875,368422.21875
39,XLINK,132980.34375,149574.5,163983.59375,177293.1875,191776.28125,195486.78125,199666.109375,209379.484375,223841.421875,247950.28125,282155.65625,316379.15625,353172.0625,389664.90625,425890.0625
40,GEL,329501.4375,342767.6875,345180.84375,352243.9375,358577.25,358882.0625,359869.125,367064.25,375834.53125,385812.40625,401641.5,417167.96875,433338.5625,449269.59375,466076.375
40,SLKW,360175.9375,377450.9375,377055.21875,360869.125,353516.625,346851.0625,345060.875,349544.4375,364685.1875,381760.28125,399856.9375,417573.375,433699.6875,448642.0625,464333.75
40,XLINK,355307.9375,387720.9375,412451.8125,408069.375,401946.4375,395603.5,395551.25,398206.0,408277.125,423112.0,437491.0,453939.40625,473814.46875,492634.875,509413.25
41,GEL,527617.875,534597.9375,535364.0,521286.1875,510017.0625,505151.9375,509037.375,510062.9375,514128.4375,523159.125,535474.3125,546809.5625,554599.375,561196.75,566743.25
41,SLKW,521257.3125,527678.125,511547.375,491786.25,476288.3125,470368.5625,471998.6875,481016.3125,495921.9375,512549.75,530929.1875,546129.0,558199.5,566228.5,571741.3125
41,XLINK,543275.875,562700.5625,571644.625,570559.75,556519.25,544010.25,537971.0,536406.625,540061.875,546640.9375,558306.75,569088.6875,577868.6875,585044.0,592092.25
42,GEL,338592.375,366734.65625,397567.6875,427233.5625,456660.15625,483101.53125,511110.5625,530503.5625,547233.0625,566725.1875,596866.0,628450.75,657835.25,686014.875,712676.1875
42,SLKW,308142.1875,329604.3125,349982.75,373659.4375,398918.75,426526.375,450271.9375,469458.25,489750.4375,516144.125,547592.9375,578178.5,607891.125,636446.5625,665177.125
42,XLINK,372084.0625,396872.8125,422704.75,449064.8125,477351.625,508453.0,537882.25,559160.0625,579560.5625,600996.9375,622533.8125,650256.75,680283.75,710537.0625,738895.1875
43,GEL,263262.1875,305833.25,342317.15625,378155.25,407098.125,426539.21875,430039.4375,440109.3125,454549.0,472749.1875,495845.125,518902.5,541470.125,563190.875,583946.5
43,SLKW,263681.5,308177.03125,343506.1875,365786.0625,382846.5,394257.9375,400517.28125,412459.1875,427918.125,443679.375,462388.5,486135.3125,508502.4375,529042.375,550770.3125
43,XLINK,268455.9375,320838.9375,359997.03125,392735.78125,425054.21875,451145.375,459625.25,469515.75,489749.3125,510480.4375,532048.6875,554272.25,578037.5625,599813.375,620274.1875
44,GEL,497858.0625,549096.0625,591976.1875,616389.3125,622236.9375,622020.1875,621898.875,620745.625,623590.1875,632503.375,644468.5,660789.375,679300.5,697675.75,714842.625
44,SLKW,452544.125,497482.4375,535648.875,550098.0,556974.125,559423.5625,564793.8125,571407.875,581571.0625,599820.0,619461.1875,640001.5,658334.125,676050.9375,692441.125
44,XLINK,526835.4375,582939.125,631796.9375,659483.8125,667864.625,668924.4375,666943.6875,667993.0625,673036.75,677953.6875,694162.625,711504.5,727653.625,746120.6875,763126.9375
45,GEL,314898.9375,363196.75,400730.0,427966.71875,447560.625,457380.75,465016.625,478719.1875,502146.75,524656.5625,547818.5,573649.1875,596283.4375,616861.6875,636132.9375
45,SLKW,299573.40625,338792.1875,363551.8125,382783.375,400240.875,402193.25,413470.71875,430321.5625,453761.875,484642.84375,512906.0,540905.625,565395.8125,587741.6875,607268.125
45,XLINK,302504.59375,354052.96875,401394.8125,438413.75,465655.25,478174.8125,491192.8125,511780.875,534127.5625,558184.75,581957.75,605846.9375,627919.0625,648907.875,669230.5625
46,GEL,444396.875,463299.625,471116.46875,472914.03125,464642.875,459065.625,459884.1875,461295.0625,458239.5625,465544.625,467269.25,468771.875,471855.0,476045.8125,481160.375
46,SLKW,468661.6875,479934.8125,479538.15625,469399.875,458641.84375,444629.0,442440.90625,447258.3125,453377.78125,462607.875,468035.4375,470637.125,473324.125,477521.25,481178.46875
46,XLINK,480413.5,513601.3125,528410.875,524021.25,511408.8125,498010.375,484987.53125,481317.21875,481495.1875,481883.9375,485966.75,487116.0,490647.6875,495532.375,501102.6875
47,GEL,144273.875,154389.21875,165801.96875,182336.125,204797.84375,223125.578125,242569.9375,248842.078125,251542.671875,258515.171875,268106.4375,279362.1875,292143.875,309463.9375,329410.46875
47,SLKW,154363.0,164148.5625,170574.359375,184128.8125,194785.09375,207118.78125,214490.328125,222317.421875,227196.0625,234696.53125,245999.75,261467.953125,277491.71875,293007.875,310764.78125
47,XLINK,98755.6171875,109419.640625,121065.515625,133508.4375,153345.75,181811.78125,203212.734375,213189.75,216697.328125,222521.203125,234457.53125,260265.609375,288775.65625,316189.65625,343600.875
48,GEL,89641.953125,84855.65625,80168.109375,78224.734375,76471.703125,84629.625,95959.125,106607.0078125,118567.7734375,122619.4296875,123440.6796875,124426.5859375,125297.25,129934.9453125,136374.8125
48,SLKW,140785.46875,139686.9375,136808.8125,134293.6875,128526.5859375,121744.328125,120066.2734375,122853.859375,120321.015625,113136.0078125,109765.2421875,110473.75,112971.546875,118226.96875,123970.7265625
48,XLINK,63800.25,59484.640625,56410.46875,52730.203125,52657.578125,59377.953125,69706.53125,90773.125,106700.21875,113796.8984375,118521.84375,120353.2109375,122929.8515625,125426.25,132649.859375
49,GEL,341716.5,372804.8125,406854.5625,435255.375,446406.125,451352.5625,468061.375,488015.6875,506977.3125,528557.4375,553991.625,579786.5,605012.9375,629900.5,653377.0625
49,SLKW,295933.59375,327463.78125,366814.25,388879.9375,393929.21875,396024.3125,405932.53125,422716.8125,448849.125,478294.75,505463.4375,532998.4375,560310.125,588447.625,616124.9375
49,XLINK,275365.5,319872.9375,369485.0,408967.3125,430248.78125,455141.375,477298.6875,502155.6875,529162.625,556271.9375,581809.375,609063.75,637596.125,663320.625,687073.3125
50,GEL,240050.40625,258872.125,275937.625,292225.5,299093.3125,292549.5,282303.28125,275135.3125,276074.4375,285563.9375,300449.6875,316525.375,335795.3125,357777.4375,380041.40625
50,SLKW,251139.859375,263061.34375,269540.15625,269293.34375,253695.1875,235431.375,215424.984375,199955.828125,207232.8125,218795.734375,231910.96875,250070.53125,269645.0,292980.96875,320042.90625
50,XLINK,144205.5,146558.5,154899.46875,167413.046875,170165.8125,166584.78125,160929.578125,166919.71875,186382.15625,209760.1875,241475.375,275769.3125,312103.15625,346784.71875,379669.875
51,GEL,214743.15625,233444.171875,249198.375,262625.125,273025.8125,275141.71875,268350.71875,258003.25,256299.640625,257221.15625,260820.875,267933.5625,278907.625,296295.96875,317945.8125
51,SLKW,230300.453125,246597.578125,248642.46875,251575.65625,249466.125,226662.890625,205456.65625,191481.171875,190289.265625,199799.671875,211261.359375,224911.6875,239931.125,259245.5625,280058.53125
51,XLINK,119320.109375,127194.6328125,141351.65625,158111.75,170589.125,169934.84375,163799.46875,160289.78125,163416.21875,170560.21875,187154.59375,213792.46875,243999.3125,276304.6875,308970.21875
52,GEL,304382.84375,331554.5625,360661.9375,386170.4375,398223.125,392121.3125,393167.4375,401741.5625,415685.25,434334.1875,456710.75,480248.5625,504476.5625,527539.0,549830.5
52,SLKW,295119.34375,318044.375,342500.5625,359636.125,360590.1875,355190.125,351030.625,359657.375,377497.0625,400616.46875,426062.625,450355.125,477526.21875,504557.0625,529587.6875
52,XLINK,278668.125,313626.8125,347391.375,371568.46875,380213.5625,386238.5,398265.4375,415841.21875,436946.4375,459839.4375,486491.34375,515928.625,543079.5,567710.25,590646.875
53,GEL,201368.609375,215912.28125,225733.21875,227029.1875,221895.546875,214891.515625,201519.75,184939.0,165867.734375,147327.75,135560.0,131886.40625,132323.5,135340.28125,141907.78125
53,SLKW,228474.25,236795.390625,240843.40625,238662.296875,230520.53125,220259.890625,199965.3125,178348.46875,158339.0625,145056.546875,135001.96875,128437.6171875,126474.2109375,127195.140625,130201.8125
53,XLINK,199489.59375,216742.71875,227586.46875,230705.71875,231585.875,231486.828125,221670.859375,208703.453125,195282.75,183269.140625,173279.0625,170839.5625,171702.40625,175613.9375,180866.546875
54,GEL,357437.5,383243.65625,413254.4375,445995.84375,466672.625,475212.8125,482009.375,488728.96875,498759.6875,517953.0,539956.5625,565401.875,590312.875,614884.4375,638094.25
54,SLKW,332074.1875,357777.875,389447.6875,419118.3125,424545.0625,436020.5625,445610.5,452164.53125,461575.25,481438.9375,504837.1875,530835.75,556767.8125,583067.5,609236.125
54,XLINK,353552.53125,391499.84375,438029.84375,484264.625,507757.1875,518591.3125,531292.875,545453.9375,557105.9375,575661.4375,598377.9375,622707.75,645141.5,669208.375,691977.5
55,GEL,321936.0,351324.0,381777.03125,399731.75,396921.15625,394518.125,395161.09375,402062.96875,419028.0625,444703.5625,471883.875,499699.5625,526023.125,550588.9375,574856.375
55,SLKW,321500.625,336611.4375,336732.34375,333680.59375,328154.15625,324734.09375,327422.125,335195.59375,349520.96875,367032.125,397143.6875,429872.125,463128.625,497284.25,529034.5625
55,XLINK,262330.75,278655.46875,291200.3125,292892.9375,298102.84375,310784.375,323903.5625,350820.25,383611.125,423147.625,461935.34375,499234.8125,534440.3125,566422.6875,595569.125
56,GEL,125288.5078125,131809.5,135884.96875,140565.96875,141669.0625,137949.15625,125068.1015625,113572.0546875,112525.2578125,119804.953125,133092.5,146379.46875,159669.40625,176604.4375,193313.796875
56,SLKW,182511.53125,181673.25,176027.75,169195.046875,161353.453125,145420.46875,117827.8984375,95692.390625,89812.765625,95287.46875,111687.1796875,125656.75,141155.3125,159587.140625,176765.6875
56,XLINK,144240.765625,160181.375,173657.234375,180783.859375,178824.0625,174811.015625,161495.671875,155118.765625,153838.375,159488.40625,168758.5625,179811.9375,191199.0625,202547.65625,218473.515625
57,GEL,95998.21875,89427.28125,84301.0,82069.734375,84578.84375,93628.21875,108934.2109375,125962.8984375,138246.90625,142315.4375,147319.203125,157708.4375,168349.09375,179782.15625,191334.75
57,SLKW,155575.390625,149963.0,143470.25,137409.1875,134401.359375,139487.78125,144383.09375,148603.84375,146404.5,142699.9375,146765.78125,155488.1875,164834.78125,176162.9375,189487.328125
57,XLINK,90305.796875,82503.640625,78050.3125,78310.96875,82751.046875,95797.75,111936.53125,125266.125,126796.09375,134868.71875,145190.703125,155278.34375,163538.0625,178913.875,197396.59375
58,GEL,227481.578125,253785.40625,280934.1875,316359.1875,353985.1875,395574.4375,416509.875,436363.3125,455870.4375,471410.375,487642.125,502871.6875,518856.9375,533439.75,546881.125
58,SLKW,193801.21875,207823.53125,239826.609375,276540.625,321125.4375,355831.375,376641.75,396455.5,415112.3125,433621.5,450840.1875,466066.0625,478524.78125,495823.125,513953.625
58,XLINK,199890.890625,234619.734375,271993.59375,307679.96875,335075.65625,355243.15625,371851.9375,394306.25,418572.46875,442926.375,467197.6875,494534.3125,520453.6875,544053.6875,566065.3125
59,GEL,68895.375,76534.171875,88449.53125,104999.546875,127304.0625,151464.046875,172065.84375,189111.140625,192396.84375,197184.390625,205588.140625,219555.03125,231442.90625,241733.296875,254292.296875
59,SLKW,87470.625,101169.2421875,110647.609375,120202.0859375,126221.515625,140743.15625,164630.375,175605.09375,181420.21875,185513.15625,193866.453125,205647.46875,218491.140625,230638.578125,241755.84375
59,XLINK,42567.359375,53810.03125,65653.671875,83080.046875,107806.8046875,136221.875,159186.703125,172000.6875,178835.875,187704.59375,196458.15625,210739.4375,231833.03125,254548.78125,277783.84375
60,GEL,523729.1875,549580.75,568919.125,575133.125,575095.6875,574981.3125,577502.5625,587392.75,598501.875,611693.6875,626691.3125,649386.875,670962.625,691092.5,710182.4375
60,SLKW,456491.1875,472174.03125,470436.75,473052.09375,475891.09375,484736.46875,495749.6875,516414.1875,539174.6875,562197.5,585421.0,611184.5,637282.5,661052.1875,685001.125
60,XLINK,551218.8125,581268.75,587944.5625,587927.0,593850.9375,599781.5,607006.625,617920.4375,633808.4375,655119.1875,677064.9375,698438.875,720501.75,742258.4375,760707.625
61,GEL,198241.921875,211655.96875,237327.078125,271389.125,282727.9375,286565.15625,289777.125,298620.9375,308219.25,315985.5625,322737.34375,330518.9375,345995.46875,367214.59375,389258.53125
61,SLKW,190559.28125,194001.9375,203765.375,222212.484375,236163.59375,246014.609375,257427.25,269568.1875,279116.125,288797.3125,298429.5,311228.5,327326.5625,347075.9375,370693.375
61,XLINK,158283.84375,168320.921875,188125.953125,207293.875,211340.375,225710.234375,235904.125,246659.03125,266557.875,289587.625,311544.46875,335938.28125,363776.5,392802.0625,419644.0
62,GEL,108181.984375,121724.015625,129986.5546875,136983.0,140450.421875,145204.5625,147819.65625,146675.46875,143485.234375,144937.125,152352.75,161934.625,174243.515625,187961.65625,202298.78125
62,SLKW,168234.21875,179519.40625,185683.1875,185366.53125,184092.390625,179509.109375,169265.96875,147411.75,125152.46875,116360.53125,121500.2421875,133642.453125,148198.5625,162557.25,178633.21875
62,XLINK,114438.4921875,130016.609375,145766.5625,158844.1875,167195.71875,177268.375,186814.828125,186295.359375,184118.03125,186821.28125,195306.09375,205521.5625,216622.90625,229691.28125,242257.015625
63,GEL,166051.53125,182208.796875,197823.40625,210013.1875,219247.984375,224610.703125,226218.828125,232807.828125,243504.328125,255906.1875,266636.21875,276923.1875,290408.71875,304902.0,324050.0
63,SLKW,102962.5625,111369.625,129771.7109375,146381.4375,148501.109375,154061.625,158924.28125,167908.875,184098.234375,202872.859375,219869.28125,236802.90625,253158.328125,269840.53125,285965.75
63,XLINK,78220.859375,78571.484375,85933.109375,99562.1015625,117527.3046875,130584.0703125,142775.0625,156980.53125,173397.96875,189269.875,213361.0625,234633.890625,261211.46875,295190.625,327631.5
64,GEL,123416.703125,141291.0,156816.9375,170179.625,178880.71875,181535.5625,182004.359375,179872.15625,171645.4375,162096.3125,150631.8125,139898.9375,131743.125,125878.953125,124519.984375
64,SLKW,157980.203125,174346.8125,186228.703125,193490.703125,196727.296875,195961.3125,194207.265625,181168.015625,166293.265625,152506.78125,140889.96875,132203.03125,127388.171875,126520.5625,128892.0390625
64,XLINK,113670.3359375,136326.84375,154394.3125,167652.921875,177005.28125,183482.90625,188975.8125,185877.46875,178471.140625,170630.1875,159052.1875,151745.546875,149186.703125,147540.75,148775.5625
65,GEL,515096.6875,533213.1875,549844.4375,559483.125,559630.5625,558184.0625,559146.4375,562468.625,572806.0,586560.5625,601634.25,623631.75,646243.8125,667020.0625,686713.0625
65,SLKW,455974.90625,463351.15625,457330.71875,459424.46875,464180.875,471496.375,482037.25,497819.75,519143.8125,540603.6875,563531.875,588418.4375,614505.9375,639668.3125,664196.125
65,XLINK,538453.8125,561194.1875,564217.1875,567398.375,573544.0625,577420.1875,582603.0625,594693.375,606535.4375,626263.5,646753.6875,669467.8125,692005.6875,715194.0625,736130.5
66,GEL,199295.890625,223237.09375,239474.515625,248838.046875,263261.1875,271789.1875,284105.1875,307978.9375,331335.15625,352686.96875,377336.3125,406207.875,434044.5,462339.625,491476.1875
66,SLKW,164848.296875,178316.765625,193415.578125,213458.40625,222747.46875,220433.0625,225084.125,244685.53125,264581.125,288737.28125,314154.71875,341839.96875,372724.90625,404454.46875,435656.4375
66,XLINK,112046.5390625,129507.7734375,142096.1875,162096.25,179563.4375,194860.703125,212935.6875,241602.109375,277772.65625,321423.4375,366422.0,409361.0625,449445.84375,487149.625,521813.0625
67,GEL,419793.78125,473558.0,520416.0,551201.3125,557186.1875,562968.625,567385.0625,570378.4375,576277.75,589434.625,605066.0625,624969.1875,644016.6875,661919.125,678791.25
67,SLKW,392070.15625,431002.1875,470957.3125,490067.75,500515.375,513099.375,521102.1875,527034.25,537840.8125,556094.3125,574437.75,593409.4375,611725.75,630807.5625,649933.125
67,XLINK,463118.34375,518580.6875,569187.25,605934.625,618858.375,621553.5625,624202.9375,625629.875,631862.0,642140.1875,660123.5,676612.0,693889.25,711996.375,728763.5625
68,GEL,178196.53125,199081.71875,220110.6875,237938.21875,253275.96875,273302.15625,287472.875,299425.1875,309366.1875,321560.0625,338773.28125,365074.46875,391699.3125,418506.5,443865.25
68,SLKW,178539.171875,192721.359375,203192.53125,219453.6875,233957.125,243500.765625,255046.46875,266860.75,271443.15625,278832.75,292356.03125,316145.5625,343685.5,371009.25,399354.65625
68,XLINK,119873.3203125,131137.96875,144726.78125,166081.453125,189201.4375,213865.671875,233422.25,251598.78125,273528.625,299402.90625,327746.5625,357034.65625,389679.875,424414.5,456772.125
69,GEL,512447.3125,559206.25,592447.6875,612929.5625,607608.5625,604172.8125,605977.875,605406.9375,607267.1875,614716.1875,625940.1875,641935.1875,660367.375,677770.875,693966.875
69,SLKW,473259.375,510387.875,541024.4375,554741.375,554152.4375,556708.5625,560248.4375,567074.4375,575573.625,588632.625,604703.3125,622277.1875,638490.6875,654030.0625,669280.0625
69,XLINK,545369.3125,604187.75,650491.375,676769.9375,683312.0625,676536.875,667675.9375,662721.125,662295.25,666063.3125,680149.1875,695960.75,711256.875,728849.5625,744932.0625
70,GEL,236328.546875,256887.0,276238.4375,287640.40625,293673.0,296622.28125,300234.5,314764.03125,335878.125,361204.0,390685.9375,418648.5,445860.46875,474112.875,499302.1875
70,SLKW,154891.421875,164444.5,170739.359375,172074.65625,172139.65625,176458.75,186092.71875,201186.0,224070.0,250390.0625,283876.25,317440.0,350604.25,381546.875,413622.5625
70,XLINK,117679.796875,118823.234375,123418.609375,130663.9140625,134169.78125,143191.1875,159244.71875,178689.421875,202868.171875,233632.234375,268173.9375,305355.625,348426.375,390997.875,432694.0625
71,GEL,275437.5625,295163.09375,321760.5625,338592.0625,339405.75,331983.8125,338587.90625,359005.9375,383325.78125,410408.1875,438090.71875,466516.75,496365.75,525257.5,553208.4375
71,SLKW,248205.203125,258584.578125,263385.78125,257590.265625,247832.328125,244139.53125,255883.34375,270820.3125,292503.25,325109.53125,357529.59375,391235.5625,427671.9375,462373.53125,494028.0625
71,XLINK,185088.78125,190936.8125,198883.203125,199926.03125,209807.109375,229881.296875,255608.625,294588.09375,340815.8125,386545.21875,430367.4375,471611.8125,509616.4375,544427.3125,576273.8125
72,GEL,436773.5625,461107.25,493215.0625,514605.0,534502.25,543999.0,551436.4375,558143.75,565332.375,577175.375,592233.5625,608661.1875,624169.0625,638462.9375,650215.0625
72,SLKW,447468.1875,466759.84375,485060.65625,497198.0,499901.875,509732.6875,520370.6875,531638.0625,545844.875,560386.9375,578054.375,594394.75,610679.125,625288.5625,638345.8125
72,XLINK,437267.625,466742.125,494882.75,521230.125,536316.9375,544569.6875,557316.625,568634.1875,581545.6875,595231.6875,610521.8125,626180.875,640488.375,653250.5625,663927.6875
73,GEL,368680.4375,409478.5625,447552.0625,482474.09375,501809.0625,506320.25,506515.9375,504329.375,516432.625,532587.125,548101.25,564343.75,578377.5625,589973.4375,600481.25
73,SLKW,387095.6875,414852.25,440943.78125,451972.71875,453942.25,450943.21875,452357.1875,458229.40625,471917.46875,493262.875,514724.4375,534589.0,551434.5,566359.75,581722.9375
73,XLINK,402019.375,441777.53125,482946.71875,515231.8125,527366.25,532721.375,539479.0625,547675.125,553833.375,569315.6875,585510.9375,599646.9375,612157.4375,624696.125,635503.375
74,GEL,234644.0,254734.75,273974.0625,284954.1875,291222.875,293849.625,297621.875,312813.0625,334108.0,360415.5,389949.84375,417980.25,445464.125,474487.65625,499641.25
74,SLKW,152779.09375,162450.5,168163.46875,168957.09375,168776.375,173116.140625,183012.875,198277.296875,221371.140625,248911.46875,282572.25,316444.25,349730.625,381488.78125,413588.90625
74,XLINK,115772.015625,116711.96875,120797.9765625,128200.515625,131561.5,140947.375,156786.34375,176514.453125,201586.390625,232833.515625,267842.9375,305730.0625,349130.125,392293.125,433927.5625
75,GEL,246995.140625,266673.4375,283343.0625,299626.09375,302645.25,292689.9375,286696.6875,285351.34375,288403.3125,291865.59375,307048.4375,325157.0,343436.9375,364285.5,386304.0625
75,SLKW,233433.09375,249457.859375,258127.75,256333.09375,253347.140625,240042.109375,228004.953125,222433.28125,219947.609375,221971.65625,233046.546875,249550.3125,269210.0,289613.15625,312827.25
75,XLINK,131007.5234375,142552.453125,161752.96875,160522.671875,158168.09375,158895.4375,159393.125,165186.46875,174970.203125,201512.78125,234908.09375,269621.3125,305062.78125,339823.4375,373479.5625
76,GEL,275100.09375,292162.09375,314043.1875,345345.9375,378231.5625,410309.875,446988.75,483067.875,519616.5,555372.0,588104.375,619325.6875,648267.875,673374.0,694874.375
76,SLKW,201616.671875,213716.28125,237407.640625,258894.5625,291288.96875,327266.1875,365326.4375,408542.4375,448026.125,482851.0,515246.75,544153.625,571589.0625,602846.5,631328.6875
76,XLINK,229859.953125,249883.03125,274595.25,302834.78125,319334.0,348355.1875,389909.4375,431796.90625,473467.6875,517304.625,562230.875,606470.625,645041.5,678564.75,706336.6875
77,GEL,452629.0,464132.09375,465679.5,460814.1875,474205.09375,491176.75,505489.0625,521342.5625,542715.25,565245.75,591936.125,619548.4375,645343.5,669783.125,692527.0625
77,SLKW,416613.3125,416671.25,403419.34375,384833.9375,378418.0,390206.3125,412927.125,444287.875,478182.25,514498.375,548901.25,580833.6875,610196.5,638032.8125,663868.125
77,XLINK,426159.25,446872.625,457076.84375,466357.0,474000.6875,490021.875,511936.4375,540680.8125,572647.6875,602342.9375,629506.625,654998.8125,682261.375,707403.5,730117.9375
78,GEL,513197.6875,529720.125,544893.6875,563675.4375,582540.4375,616724.125,668364.375,727309.25,790389.5625,851601.25,908194.8125,961029.5,1009257.0,1051362.75,1085931.375
78,SLKW,416555.875,423707.9375,434863.875,449180.03125,468642.1875,497155.375,539015.625,594249.8125,655445.8125,717090.3125,780770.25,842316.0625,897681.8125,947618.5625,990895.75
78,XLINK,450680.09375,458493.6875,468605.5,484251.375,516832.5,563231.375,617821.0,676996.4375,742487.1875,807292.75,873059.875,932927.0625,987326.6875,1035718.125,1076840.0
79,GEL,425614.125,445235.4375,468403.6875,490096.875,492151.0625,497213.6875,502475.75,511849.875,525647.0,543740.125,561568.875,580311.25,593059.1875,599178.375,604229.5
79,SLKW,439134.15625,455315.375,463968.53125,467728.0625,469850.34375,478063.5,488754.4375,498685.8125,509751.0,528066.75,547941.1875,566596.75,580707.25,591509.5625,599997.25
79,XLINK,433054.21875,468126.0625,496861.75,508634.9375,511726.4375,516262.75,522955.5,532114.6875,543452.625,562722.5,580310.625,596951.875,610387.5625,618174.5625,622483.75
80,GEL,411833.4375,444959.6875,479066.6875,500748.3125,519513.3125,526743.75,534182.0,540951.3125,548472.875,560022.875,573645.3125,590390.4375,606909.8125,622351.5625,633761.875
80,SLKW,426469.375,448163.25,471003.3125,484750.03125,485837.65625,494108.125,504256.6875,514685.0625,525874.625,540587.0625,556540.3125,574343.0625,590906.5,606042.1875,619784.25
80,XLINK,415236.125,443379.46875,475146.46875,506548.625,524307.25,529823.5,542306.25,553484.0,563194.4375,574685.75,590484.875,606076.25,622047.5,636319.8125,647494.4375
81,GEL,150545.6875,185174.46875,217813.859375,248617.921875,274742.1875,304991.84375,319204.0,324653.0,336984.21875,349560.34375,363070.625,379459.125,395952.9375,413481.875,432078.09375
81,SLKW,198268.703125,227036.953125,257394.484375,284573.90625,307828.0625,330170.65625,336413.1875,336212.96875,340790.90625,349492.25,356545.25,366596.0625,378206.3125,392333.3125,410961.90625
81,XLINK,156872.40625,197382.046875,236887.125,277253.875,312454.96875,342266.0,355389.75,357369.8125,361825.25,374967.75,392462.78125,412530.5,433376.09375,453270.8125,472146.5625
82,GEL,177755.71875,184239.71875,191621.484375,200341.796875,208239.515625,216022.1875,214524.59375,204322.6875,191920.90625,181196.359375,172960.640625,169059.78125,170747.59375,174971.015625,183424.28125
82,SLKW,231510.53125,238543.90625,245829.125,251656.03125,251122.0625,241966.34375,229685.34375,214825.25,200461.359375,184278.625,170059.234375,160624.875,156801.34375,156794.5625,159490.09375
82,XLINK,146211.90625,151761.9375,156805.171875,164932.578125,174339.8125,179717.171875,177357.125,172763.375,169543.59375,168866.625,169635.59375,171396.796875,174374.984375,181648.578125,193875.0625
83,GEL,532612.8125,547946.125,564001.4375,560184.875,549154.4375,542424.5,544154.8125,541600.3125,537436.9375,533323.75,534971.375,540109.8125,545334.3125,548021.3125,550300.0
83,SLKW,544402.125,552135.875,554373.6875,547013.0,533898.5625,522926.875,524105.6875,526378.9375,531276.125,535573.125,538408.875,542902.5625,547238.75,553401.8125,557391.125
83,XLINK,568601.875,598558.3125,613489.4375,609098.9375,596362.375,578733.75,570706.6875,564440.4375,558234.5625,554943.875,551935.0,554940.0,560477.6875,565603.5625,567138.125
84,GEL,265530.59375,284853.3125,293995.90625,302299.5,300489.4375,297265.03125,297041.625,297617.96875,304179.84375,319032.28125,342804.5,367924.9375,392255.6875,416000.25,437829.9375
84,SLKW,308648.34375,325322.75,325474.9375,326517.6875,311344.6875,292290.03125,278135.65625,275758.09375,277453.71875,291733.03125,313340.84375,334986.53125,356003.53125,376978.125,399922.375
84,XLINK,296539.3125,335348.6875,368239.78125,393139.3125,392159.5,382453.0625,384326.5,385791.40625,390963.9375,401592.0625,414386.875,434595.3125,458467.875,481552.53125,503313.4375
85,GEL,136951.453125,135855.671875,140045.25,149271.4375,158212.0625,167449.40625,177042.984375,187861.125,189525.609375,192400.390625,192481.125,191478.5625,193798.09375,199218.640625,205882.328125
85,SLKW,173132.5625,168273.875,164872.328125,163965.96875,164612.59375,166660.4375,176392.484375,176754.171875,175892.203125,172471.578125,167417.265625,163841.0625,167018.859375,170813.234375,177522.5625
85,XLINK,92631.421875,90507.984375,90819.09375,92225.75,97709.40625,107103.078125,124088.84375,136132.25,145529.515625,151538.71875,155896.484375,163370.25,172713.953125,184561.21875,201465.09375
86,GEL,315491.28125,328803.59375,327599.375,326263.375,330256.0625,337569.96875,354430.78125,378354.3125,403564.125,427101.0625,450315.25,478479.625,506081.4375,535434.0625,564072.5625
86,SLKW,224123.796875,222131.546875,217510.265625,215362.328125,219792.078125,229211.609375,243593.28125,269797.0,301118.84375,337686.1875,369978.1875,400286.625,435807.5625,468974.0625,496827.4375
86,XLINK,264868.03125,268945.28125,266421.65625,268416.09375,271480.90625,278786.875,286654.03125,306847.21875,335888.59375,366309.5625,406164.125,450850.53125,499936.375,544620.0625,583864.8125
87,GEL,197610.09375,211489.53125,221808.5,229161.5,238155.375,241895.65625,238170.359375,232278.5625,225024.78125,218188.25,207016.53125,200131.90625,193575.5625,191077.3125,193560.828125
87,SLKW,236364.734375,248974.78125,258454.421875,265818.6875,263859.625,254322.0,243584.6875,229798.203125,215021.09375,203210.515625,189008.875,175762.6875,167670.578125,161125.609375,158652.03125
87,XLINK,153877.171875,162295.390625,171071.53125,179316.59375,186828.734375,183853.703125,183474.125,182834.328125,182108.609375,177353.734375,172092.65625,166836.421875,164691.21875,167529.0625,176107.25
88,GEL,157085.84375,181062.0625,205374.75,228538.578125,247977.125,261688.34375,269290.4375,272972.3125,269815.875,259584.796875,251004.3125,243391.875,240221.03125,240252.21875,242268.453125
88,SLKW,187899.46875,208549.46875,227969.515625,244657.828125,255385.21875,260218.578125,258696.5625,255450.390625,245140.03125,236214.765625,228714.59375,222017.625,220141.828125,222649.796875,227903.90625
88,XLINK,154974.65625,181012.390625,208052.59375,231300.40625,249552.984375,264692.125,276330.78125,283896.125,281947.125,276655.0,271807.65625,268349.78125,267759.8125,270911.15625,277095.375
89,GEL,490371.53125,540413.5625,581790.6875,603642.625,608872.4375,608575.375,606716.625,605250.0625,608275.8125,617912.75,630120.0,648240.5,667578.5,685976.5625,703154.125
89,SLKW,442390.78125,487971.28125,524746.125,537229.25,544102.6875,548074.9375,553000.75,560579.9375,570677.3125,589329.875,608422.75,626470.9375,645044.625,662831.6875,680601.0625
89,XLINK,518543.3125,574866.25,623438.5625,651091.625,658925.9375,657911.25,654946.5625,655326.75,659410.5625,665507.125,681917.0,699800.4375,716387.75,734873.75,751830.5
90,GEL,104067.0078125,117493.40625,132439.9375,146910.1875,172060.65625,197238.140625,212066.46875,211811.265625,217198.546875,229342.234375,239088.4375,249589.796875,262339.375,279768.59375,300947.125
90,SLKW,145694.25,168863.0,186408.703125,198431.546875,206160.265625,213712.015625,207202.25,204357.796875,209335.578125,218835.96875,229449.625,243879.734375,259654.28125,275166.875,295572.75
90,XLINK,69036.09375,91439.96875,112540.296875,132991.3125,159515.46875,185708.25,196145.15625,204586.0625,212655.328125,225011.875,246283.078125,272223.09375,297193.875,320690.40625,343065.46875
91,GEL,182790.65625,209876.0625,244534.40625,279173.78125,302918.8125,308734.3125,315143.75,325427.8125,334552.9375,341962.9375,353710.6875,370637.375,393291.25,414908.125,438144.125
91,SLKW,172219.546875,178615.828125,201930.484375,228256.109375,243099.921875,254580.734375,271579.90625,285655.375,297262.0625,310333.125,323524.0625,340439.84375,360865.46875,386660.65625,412595.125
91,XLINK,143151.65625,154337.609375,180665.453125,213177.8125,224122.515625,237786.375,250254.609375,262448.0,286271.34375,313386.40625,348119.09375,383826.96875,416198.3125,445408.15625,472553.375
92,GEL,293890.28125,282393.90625,278268.90625,273792.3125,267725.5625,257858.71875,248840.6875,242426.453125,238891.25,246425.921875,252987.0,261938.875,268027.46875,281429.90625,299787.46875
92,SLKW,228916.53125,211450.609375,202657.515625,191225.421875,178317.71875,166060.4375,157512.203125,152480.4375,149823.625,156544.65625,164214.96875,171887.0625,182842.359375,199660.28125,219468.625
92,XLINK,208067.390625,196087.9375,183206.875,171786.171875,162738.53125,157863.3125,155139.40625,154471.5,157169.65625,165045.71875,173261.34375,185004.78125,204683.84375,223994.90625,249041.6875
93,GEL,426596.5,431041.0,434102.8125,436229.75,433232.40625,429251.65625,424807.25,422186.46875,424588.0,436294.5625,450904.75,473073.8125,495241.9375,517069.8125,539440.5
93,SLKW,386002.5625,373280.75,367922.0625,357453.0625,348355.15625,340988.6875,334729.375,340571.25,353662.375,369043.0625,389372.0,415756.25,442754.625,469433.5625,497557.8125
93,XLINK,430011.3125,424254.3125,421567.3125,419403.5,414656.75,415978.6875,419891.15625,428784.0,441413.0,460072.0,478602.75,498198.5625,519425.8125,545961.5,570175.1875
94,GEL,447778.9375,457891.40625,462466.5,465052.1875,465396.625,460894.875,451637.4375,445055.03125,441971.0625,442057.5,453469.6875,471194.78125,488941.125,508200.3125,528623.5
94,SLKW,418345.625,422579.3125,416254.375,410447.90625,401431.03125,393964.0,389317.0,387573.0,390668.5625,395590.25,409305.71875,424543.9375,442260.625,463641.0,487013.0
94,XLINK,430441.9375,440139.8125,446143.53125,443937.6875,444401.625,444184.5625,444514.0625,444531.0,448025.0,462253.375,476974.5625,493927.375,511812.25,532657.25,555999.5
95,GEL,271707.65625,299808.1875,327926.28125,359715.4375,395269.25,424695.125,456419.875,490668.59375,522221.6875,552215.25,581959.4375,611447.375,641094.1875,667091.0625,691447.5625
95,SLKW,179595.53125,192771.15625,213155.265625,243341.625,267258.28125,302362.03125,342354.5,384760.125,427199.375,470729.4375,510568.0625,545722.75,574623.875,600019.375,624803.6875
95,XLINK,196990.703125,216773.34375,248581.6875,281719.125,312952.46875,346874.75,378564.40625,413167.0,451487.15625,491650.0625,527016.625,561353.625,597061.625,632225.8125,665046.625
96,GEL,324451.34375,353364.25,377928.25,393232.5625,389839.78125,388096.3125,396155.875,407646.0,429343.125,455623.09375,484397.21875,510507.5,535794.8125,560823.5,585422.0
96,SLKW,309516.875,324729.4375,327373.8125,325340.90625,318349.8125,315092.71875,318943.625,331002.84375,350673.71875,374343.90625,404162.5,436672.75,470043.375,503705.1875,535709.0625
96,XLINK,249737.09375,262310.90625,275876.40625,279498.3125,284511.8125,298751.46875,321194.5625,353553.6875,394273.625,434345.75,474385.25,509841.5625,541987.1875,572886.3125,601898.1875
97,GEL,484920.71875,500565.0,509915.75,523176.0,549928.5,590436.3125,640279.1875,696502.1875,757058.125,819246.1875,876766.5625,925491.6875,968278.875,1003625.25,1034701.125
97,SLKW,385570.0625,393318.875,399995.125,412397.125,434360.75,471702.8125,517414.4375,569340.625,629941.6875,691619.375,747977.75,801140.5,854425.0625,903561.0,946637.3125
97,XLINK,398933.21875,401270.375,404850.78125,415298.0,433309.96875,472462.8125,527027.0625,594634.875,665806.125,736729.5625,805424.1875,868470.625,925799.0,975963.125,1014373.8125
98,GEL,281627.09375,301540.40625,321931.3125,333873.1875,330527.3125,330862.46875,336021.125,347683.4375,365854.6875,390360.375,417718.53125,447776.125,479087.875,509009.1875,537743.8125
98,SLKW,236802.1875,255377.75,270855.25,269928.90625,263875.0,257233.28125,260192.078125,267544.875,290398.75,320557.96875,354558.75,389700.96875,427926.875,463153.78125,495103.75
98,XLINK,190797.15625,208108.421875,226934.1875,239905.28125,246655.28125,254892.140625,267545.9375,306656.5625,352783.4375,396466.125,436187.25,474022.3125,509672.125,543089.5,573559.875
99,GEL,230945.5625,242753.03125,256372.703125,266100.4375,275372.96875,280309.8125,271341.375,263007.5,262616.9375,270509.1875,280884.0,294144.9375,310098.21875,329237.875,350858.28125
99,SLKW,267275.65625,273538.40625,278538.78125,283374.375,284485.71875,266520.125,246215.40625,224659.0,214417.34375,219931.25,231907.59375,246414.203125,263260.78125,284745.4375,310463.75
99,XLINK,179199.171875,184565.4375,191257.1875,198163.5625,206926.109375,206225.515625,200868.234375,207587.5625,219772.65625,233261.375,251220.203125,278417.5625,308508.3125,339031.5,370129.0
100,GEL,183300.90625,189508.6875,198966.4375,209443.0625,219326.96875,228617.828125,236783.640625,228990.953125,217932.890625,208312.53125,201536.671875,191961.234375,183170.640625,181636.625,184747.421875
100,SLKW,232223.3125,237791.453125,244623.734375,250706.640625,255301.09375,256272.171875,245936.3125,233844.5,221576.640625,210101.578125,198783.0,187672.5625,178593.5,172165.40625,171013.96875
100,XLINK,157076.390625,161043.375,165709.8125,172854.296875,180067.578125,186104.796875,187368.828125,181879.734375,178646.0625,179023.578125,176960.375,177473.015625,178589.734375,180089.53125,183980.796875
101,GEL,191458.03125,203727.0,213691.453125,223980.625,231463.6875,234801.765625,223867.046875,207652.28125,198240.96875,185931.453125,175318.6875,171109.015625,172395.625,178653.109375,186414.3125
101,SLKW,223346.0,231423.453125,239048.09375,246426.359375,249379.75,238542.953125,222532.453125,205324.5,183773.46875,168740.15625,154902.046875,145362.59375,143269.84375,145321.296875,150776.34375
101,XLINK,133016.96875,144806.015625,158053.125,169223.25,176799.390625,181840.78125,177004.453125,171386.4375,162686.640625,152643.46875,145275.65625,144502.125,147886.21875,154674.1875,163341.84375
102,GEL,342935.34375,357273.1875,360147.8125,361692.5,356430.75,336895.5625,326069.5,315895.6875,309860.53125,312561.8125,319515.4375,332198.9375,348638.96875,368267.875,387249.875
102,SLKW,372035.75,375247.875,368181.0625,363194.1875,344966.875,319382.53125,305032.90625,298293.65625,293953.8125,294994.75,297394.5625,301728.28125,311912.4375,329732.1875,349903.9375
102,XLINK,369773.5,396543.4375,413685.0,421989.5625,416394.875,401508.875,392281.8125,386150.75,381914.125,380273.875,384860.375,396993.90625,411210.5625,427955.5625,446882.40625
103,GEL,146090.4375,162177.40625,174569.28125,199796.734375,227703.140625,255614.265625,276612.3125,294356.1875,315723.9375,337923.4375,361805.84375,386413.15625,409001.25,430305.8125,450811.4375
103,SLKW,91699.625,107660.9765625,130983.546875,154794.265625,179664.84375,206348.40625,221058.34375,242098.84375,266228.375,290360.9375,313968.0625,335499.21875,356972.0625,378623.625,399801.84375
103,XLINK,74617.609375,98739.34375,129165.0,153736.96875,175593.5625,200623.140625,218335.75,236403.6875,260131.40625,292469.875,325299.9375,357728.4375,388286.625,418893.21875,451017.0
104,GEL,385473.65625,400609.875,415314.25,428716.3125,422632.25,412548.15625,404700.5,400338.6875,408829.0,417749.21875,427656.5625,438876.9375,451277.6875,463092.125,473568.21875
104,SLKW,409130.0,421393.34375,422226.8125,413275.5,392487.125,376818.03125,369711.125,377021.28125,388709.59375,406006.5625,421955.1875,435174.46875,447127.625,458243.3125,470020.03125
104,XLINK,426840.25,455276.75,466916.96875,462011.9375,457663.5625,452534.75,445076.6875,440865.875,444681.59375,454182.5625,465906.4375,477551.1875,490255.4375,502233.375,513928.0625
105,GEL,148240.1875,158088.875,165545.25,179217.109375,197650.859375,216169.921875,235968.03125,240493.921875,241374.875,246489.1875,257479.8125,270430.5625,287417.5625,308447.0,329317.375
105,SLKW,162516.25,173418.875,180804.21875,194071.875,203382.40625,207909.375,204994.625,210789.859375,214631.765625,222244.5625,237592.15625,254526.828125,272128.28125,291868.34375,314315.75
105,XLINK,104392.2265625,113244.5390625,123918.6796875,137058.84375,152587.0,176917.140625,201049.1875,209520.3125,214800.890625,225416.59375,243851.296875,268992.46875,297593.125,326733.53125,356161.6875
106,GEL,245570.109375,276535.9375,301834.3125,323392.875,336329.25,343653.5,343725.25,325679.375,312124.9375,302438.28125,299292.40625,304270.5625,312915.375,325157.25,340181.75
106,SLKW,310552.75,327754.5,337391.875,340143.96875,340180.1875,338892.59375,320721.6875,297594.25,282119.125,273505.625,275354.875,280426.1875,287798.4375,297504.9375,311454.125
106,XLINK,272525.71875,309659.5,339613.9375,361158.9375,374712.8125,377130.5,374034.9375,361793.75,353300.0,349834.5625,347074.5,349683.0,357807.53125,368551.25,380990.40625
107,GEL,211395.921875,227380.90625,244239.640625,261416.671875,277163.03125,278621.1875,277559.40625,267065.0625,261578.53125,260404.515625,263099.25,271774.0,284609.03125,298299.8125,316223.75
107,SLKW,160603.4375,167820.8125,184552.5625,200614.671875,206706.75,205345.71875,202183.1875,200860.078125,201390.125,201429.46875,206375.34375,214200.984375,229621.9375,245639.578125,263812.625
107,XLINK,123258.4140625,129639.828125,134391.234375,144845.5,155520.6875,155855.625,156971.890625,158927.078125,163591.84375,173422.96875,185408.03125,203347.875,227177.84375,254145.75,285190.03125
108,GEL,253473.125,261639.53125,259551.875,257756.453125,254444.34375,242861.171875,238125.109375,236847.5,236705.296875,240474.84375,254279.8125,267066.3125,276674.09375,285591.40625,293832.875
108,SLKW,277458.9375,276010.53125,268654.8125,262052.53125,255531.125,237297.34375,227965.03125,226071.5,224678.0,228410.515625,239754.640625,256623.71875,270549.96875,282231.3125,291051.0625
108,XLINK,300668.03125,306425.5,300054.125,296141.1875,290847.5,280047.375,270728.03125,264690.1875,260637.359375,258735.84375,272368.375,287345.84375,297849.90625,307376.125,317340.8125
109,GEL,202201.34375,219774.375,241116.5,261471.0625,273943.3125,269554.84375,261691.34375,250744.375,238551.515625,228767.140625,225415.390625,227975.28125,236178.640625,249581.640625,263233.28125
109,SLKW,196659.0,221238.96875,237985.859375,248703.421875,236001.96875,217106.21875,202173.921875,184374.046875,169273.421875,158818.3125,154541.265625,160275.125,170776.71875,185679.125,204740.84375
109,XLINK,118178.25,136229.078125,156312.53125,173417.421875,182718.21875,182096.65625,177186.359375,166880.953125,156223.796875,146870.4375,146669.4375,154503.75,175388.859375,197449.453125,219669.046875
110,GEL,142964.3125,143361.3125,148711.609375,155634.1875,164681.921875,179961.375,192471.84375,198476.25,197540.90625,195244.265625,196682.625,206754.1875,221475.3125,237816.03125,253779.96875
110,SLKW,162871.5625,168102.09375,172318.671875,171464.34375,170524.9375,173182.640625,166805.625,165852.40625,162071.28125,157622.75,157082.8125,165595.234375,181830.40625,202769.328125,225896.3125
110,XLINK,79592.625,83315.25,90498.25,96996.140625,109571.3671875,131260.28125,144204.53125,152025.6875,163205.40625,178906.578125,194889.703125,208673.140625,224097.53125,246925.703125,270416.875
111,GEL,224706.390625,241624.21875,258588.21875,274197.09375,289035.84375,288337.9375,280767.5,276269.46875,275040.03125,273686.75,276863.9375,286363.84375,298525.6875,314051.375,330747.28125
111,SLKW,240743.203125,257672.859375,273898.03125,285406.59375,278433.5,260124.578125,244580.421875,230361.5,212019.28125,201827.453125,202003.0625,209639.4375,223360.0625,240086.21875,258111.3125
111,XLINK,157189.34375,168987.453125,181240.890625,189046.109375,195602.8125,191584.09375,192021.296875,192396.5,191384.46875,195624.390625,207657.15625,223683.5625,245754.90625,270047.53125,296688.9375
112,GEL,291312.375,325189.0,349164.53125,360883.75,362092.25,350902.9375,339697.25,345190.40625,361064.625,384761.3125,407575.625,428309.28125,447812.4375,466035.0,482242.6875
112,SLKW,291001.1875,323932.3125,352061.46875,365201.4375,354336.46875,336151.125,331336.6875,337600.8125,349353.6875,369716.9375,393396.25,416155.40625,436700.3125,454532.75,470342.875
112,XLINK,253857.015625,298374.875,338622.75,367076.5,376690.71875,367901.71875,359951.875,364994.59375,386258.5,414208.75,439983.375,463091.3125,484032.34375,503052.4375,519076.8125
113,GEL,340132.03125,349797.875,367003.375,389938.8125,422232.375,455895.125,497536.0,546380.8125,596663.9375,654757.6875,709979.625,760295.4375,808581.0,853887.6875,892623.1875
113,SLKW,242869.0625,245627.875,255314.828125,277681.9375,305399.625,334211.375,375064.28125,421116.875,475471.0625,534426.625,594876.3125,652346.5,705922.375,753621.4375,797374.5
113,XLINK,244004.3125,244413.109375,242383.421875,255632.6875,280999.0625,309718.75,353132.3125,406056.6875,476339.0,546918.625,617343.25,682050.25,742189.125,797815.0,849750.5
114,GEL,222373.953125,256675.171875,297055.5625,345178.625,391175.09375,428857.25,458117.84375,486444.09375,507150.8125,524848.4375,540923.625,554644.0625,566819.5625,577660.4375,587860.0
114,SLKW,150800.125,170563.40625,210154.53125,257351.984375,305490.9375,341166.59375,376043.0,409020.0,440830.65625,468998.6875,489917.8125,506806.9375,522468.375,535841.5,547131.875
114,XLINK,191138.328125,217986.5,254589.6875,295481.96875,337501.0,362712.21875,388743.9375,414734.5,440989.0,463887.03125,487653.59375,512362.25,535911.6875,559877.8125,584148.0625
115,GEL,284538.0625,289644.8125,297869.8125,303948.21875,310583.25,310021.90625,300448.65625,292928.21875,291597.59375,301546.4375,318522.15625,342011.375,366579.53125,391243.9375,414607.59375
115,SLKW,349101.6875,363591.5,373502.1875,369998.6875,361750.25,339691.0625,316238.09375,301078.875,291137.46875,289267.0625,296195.9375,308752.59375,324911.03125,348140.875,372617.09375
115,XLINK,292159.0625,318464.46875,338844.9375,353237.21875,368814.75,365549.375,361176.0625,359798.0625,361624.84375,370663.9375,382023.125,399382.125,422960.125,446854.28125,470847.8125
116,GEL,581867.25,625357.8125,659594.75,675431.1875,678412.8125,676501.625,669456.5,663716.375,661268.25,665411.25,673918.75,689363.6875,706342.3125,723546.1875,741065.4375
116,SLKW,531953.5,574517.875,604213.4375,613191.5,623987.0625,623771.8125,621467.0,623358.25,629440.5,641362.625,655706.3125,671332.0625,689229.5625,706983.6875,725503.1875
116,XLINK,584883.75,639275.625,686720.0625,705387.25,709160.6875,706585.625,699527.25,697842.625,700753.0,706036.8125,713465.375,729963.0625,747117.0,766248.6875,783950.625
117,GEL,185921.171875,202098.953125,218418.171875,232665.296875,249820.71875,279039.15625,295942.09375,304721.4375,310558.28125,321694.3125,335149.53125,351813.6875,368835.8125,388657.6875,409902.78125
117,SLKW,183388.09375,202269.453125,223513.53125,240107.921875,251919.5625,249948.40625,252285.5,256169.0,265076.65625,279278.90625,296125.65625,313166.875,333724.375,356438.8125,380529.6875
117,XLINK,121741.078125,132613.984375,144437.609375,162404.75,193011.40625,219903.171875,234771.125,244652.375,259914.21875,279552.75,306668.21875,340091.71875,372274.0,402995.9375,433044.71875
118,GEL,597399.0,647906.25,683917.25,704811.4375,705040.9375,702082.875,697832.625,695780.125,692963.6875,695252.8125,702866.8125,718500.5,733089.1875,747295.9375,762773.625
118,SLKW,552380.9375,594995.0625,629619.375,642168.75,641879.25,638461.375,636376.1875,640520.875,646313.5625,657366.3125,672760.125,689546.9375,709717.875,727428.25,744666.125
118,XLINK,618156.625,673418.5,718026.4375,739983.625,743742.1875,739516.4375,733287.125,730105.0625,732861.75,735679.0625,742697.375,756780.625,772771.75,790408.25,806801.625
119,GEL,325357.9375,364494.9375,399528.3125,430484.5,451281.8125,455361.4375,462018.59375,479433.03125,503145.5,528404.5,554861.3125,583498.1875,609185.6875,633306.8125,655959.6875
119,SLKW,277441.5,316453.9375,347233.625,371479.8125,385467.3125,384091.15625,396253.6875,414307.53125,436973.9375,467820.6875,502505.3125,533891.75,564473.125,591372.9375,616113.0625
119,XLINK,271472.8125,318152.3125,368936.03125,413984.875,448080.375,461431.90625,480993.78125,502951.8125,531004.875,560276.25,589833.5625,620157.6875,646331.6875,670577.0625,693054.875
120,GEL,128499.3359375,136860.4375,136118.15625,133893.0,131589.8125,122942.546875,105232.671875,98277.0703125,102108.0234375,112569.328125,126069.7265625,139976.84375,156445.171875,173192.296875,189082.625
120,SLKW,177276.390625,176335.375,168445.15625,158884.640625,146059.28125,126956.5078125,97739.796875,80197.0625,81260.90625,92619.46875,113559.1484375,131117.4375,152615.375,171488.53125,187721.171875
120,XLINK,153842.1875,168166.90625,178523.96875,180013.015625,174232.546875,165539.828125,153734.421875,143867.125,145944.6875,153809.03125,163048.1875,174535.921875,185462.6875,199987.046875,213113.140625
121,GEL,243858.890625,277534.15625,317485.8125,364171.28125,409899.40625,440222.5,469608.125,498839.8125,528141.9375,554383.375,577786.0,597537.6875,614248.25,629898.4375,647212.75
121,SLKW,191399.625,216768.984375,255790.609375,303494.8125,341467.75,374852.03125,408632.5625,440877.0625,472589.8125,500869.625,526506.3125,549240.0,569891.625,587379.9375,605858.875
121,XLINK,225298.75,254647.328125,286562.75,323024.53125,358090.53125,389143.4375,419488.875,448604.0625,479475.59375,512143.875,545079.0625,574201.875,603579.0,629004.0625,651413.9375
122,GEL,496069.75,547427.625,590349.5625,615077.375,620900.4375,620735.5,620609.125,619590.375,622590.125,631668.5625,643554.5,659963.4375,678678.75,697063.4375,714233.1875
122,SLKW,450690.625,495744.125,533979.25,548394.1875,555399.375,557920.5625,563483.9375,570110.3125,580334.4375,598705.0,618497.1875,639097.1875,657456.75,675190.9375,691711.0625
122,XLINK,525190.875,581312.5,630074.75,657866.625,666371.1875,667695.5,666064.625,667132.9375,672264.8125,677228.8125,693615.0,710836.25,727003.875,745527.0625,762532.1875
123,GEL,185232.796875,193446.4375,199423.953125,208010.75,215133.578125,209625.921875,194136.8125,175386.375,164955.46875,160048.625,156439.0,150945.9375,150692.359375,157445.828125,166470.875
123,SLKW,198548.59375,201817.71875,198631.921875,199697.25,195703.78125,176203.375,156090.15625,141261.421875,130164.7734375,122778.5546875,117090.8203125,114544.5,117176.2578125,123578.4140625,136300.25
123,XLINK,90118.71875,95231.578125,104921.6171875,120874.515625,133225.46875,128979.65625,116932.8671875,110854.859375,106117.1171875,102990.9921875,106547.78125,112440.734375,125275.7890625,143522.28125,164089.546875
124,GEL,500014.6875,514018.25,527697.5,545738.375,566852.9375,593987.25,640000.4375,700820.0,763704.3125,826817.8125,884485.125,934952.8125,977850.875,1014624.75,1046292.25
124,SLKW,405434.6875,408655.4375,416859.5,430545.75,448831.4375,472827.125,513560.4375,566380.75,628346.5625,688715.9375,749260.25,808503.3125,865406.4375,914088.5625,956021.625
124,XLINK,421386.28125,427171.6875,435353.375,448217.75,468544.1875,510896.125,569036.0,634723.0,700470.75,773383.125,842242.1875,903176.0625,957579.6875,1004432.0625,1039932.9375
125,GEL,155926.734375,167522.71875,204049.53125,249405.8125,291211.90625,309408.4375,324481.65625,341803.65625,356059.875,368334.125,379180.1875,393545.1875,406996.625,423092.3125,439863.0
125,SLKW,101366.5703125,109573.6015625,134858.15625,172880.46875,205946.03125,233642.203125,253310.359375,277702.3125,300789.28125,320922.875,337178.5,352793.875,368833.5,383978.59375,399441.125
125,XLINK,99996.1953125,121908.5625,147011.609375,178932.390625,210518.34375,232999.78125,254149.171875,274230.1875,295847.0,318306.6875,341123.6875,368990.9375,394639.0,424680.375,452844.96875
126,GEL,382265.78125,423743.0625,468196.65625,499622.5,513425.0,520605.5,529254.5625,535235.5625,545855.875,560204.875,578553.8125,598705.5625,618496.9375,637033.3125,654257.0
126,SLKW,366724.375,399207.0,428287.96875,445035.4375,457858.28125,468105.90625,478050.0625,488165.375,505866.9375,524813.25,545224.5625,567673.0625,589393.875,609627.8125,628274.0625
126,XLINK,413021.5,468361.59375,517413.625,550040.375,566996.375,575782.375,585294.875,593982.875,602074.3125,618640.1875,636663.0625,654173.5,670866.3125,688639.5,705322.4375
